_key,name
1,Vanessa Kulas
2,Patti Rodriguez DDS
3,Alexandra Schimmel
4,Kelvin Hand
5,Pearl Oberbrunner
6,Gilberto Hermiston
7,Marshall Sanford
8,Phillip Volkman
9,Mr. Allison Daugherty
10,Joshua Willms
11,Ms. Charlie Lebsack
12,James Schroeder
13,Ronnie Mosciski
14,Felicia Christiansen
15,Ebony Simonis
16,Curtis Gottlieb
17,Faith Hintz
18,Charlie McDermott
19,Jerry Emmerich
20,Dr. Meghan Beer
21,Alexandra Klocko
22,Dianna Fadel
23,Howard Mohr
24,Bernard Bashirian
25,May Schinner
26,Sara Greenholt
27,Celia White
28,Bob Kozey
29,Jack Schiller
30,Dexter Gerhold
31,Lana Ebert
32,Jeanette Cremin
33,Dianna DuBuque MD
34,Karl Sporer
35,Miss Owen Schiller
36,Edmond Schinner
37,Roxanne Wintheiser
38,Erika Ritchie
39,Jodi Grady
40,Dennis Gorczany
41,Oliver Toy
42,Latoya Brakus
43,Mabel Sawayn II
44,Mr. Nicolas Hickle
45,Kristina Miller
46,Lisa Nicolas
47,Evan Weissnat
48,Mrs. Carroll Boehm
49,Hope Morar III
50,Salvador Leuschke
51,Vanessa Kulas
52,Patti Rodriguez DDS
53,Alexandra Schimmel
54,Kelvin Hand
55,Pearl Oberbrunner
56,Gilberto Hermiston
57,Marshall Sanford
58,Phillip Volkman
59,Mr. Allison Daugherty
60,Joshua Willms
61,Ms. Charlie Lebsack
62,James Schroeder
63,Ronnie Mosciski
64,Felicia Christiansen
65,Ebony Simonis
66,Curtis Gottlieb
67,Faith Hintz
68,Charlie McDermott
69,Jerry Emmerich
70,Dr. Meghan Beer
71,Alexandra Klocko
72,Dianna Fadel
73,Howard Mohr
74,Bernard Bashirian
75,May Schinner
76,Sara Greenholt
77,Celia White
78,Bob Kozey
79,Jack Schiller
80,Dexter Gerhold
81,Lana Ebert
82,Jeanette Cremin
83,Dianna DuBuque MD
84,Karl Sporer
85,Miss Owen Schiller
86,Edmond Schinner
87,Roxanne Wintheiser
88,Erika Ritchie
89,Jodi Grady
90,Dennis Gorczany
91,Oliver Toy
92,Latoya Brakus
93,Mabel Sawayn II
94,Mr. Nicolas Hickle
95,Kristina Miller
96,Lisa Nicolas
97,Evan Weissnat
98,Mrs. Carroll Boehm
99,Hope Morar III
100,Salvador Leuschke
