id,name
1,Clayton Hauck
2,Norma Denesik DVM
3,Denise Becker
4,Mr. Inez Schroeder
5,Sadie Parker
6,Mr. Rose Hagenes
7,Colleen Gerhold
8,Alfredo Zemlak PhD
9,Megan Bosco
10,Shawn Wolff DDS
11,Byron Corkery
12,Alonzo Treutel
13,Saul Swaniawski
14,Charlotte Fahey
15,Mrs. Randall Heidenreich
16,Christy Steuber
17,Roger Turcotte
18,Lorraine Boyer
19,Fredrick Lynch
20,Veronica Bayer
21,Jennifer Witting
22,Elizabeth Rolfson
23,Brandon Lehner
24,Andre Hegmann
25,Marion Wintheiser
26,Alicia Sawayn
27,Lee Senger
28,Winifred Harber
29,David Leuschke
30,Erica Cremin
31,Mike Bahringer V
32,Winston Gutmann
33,Alonzo Gutmann
34,Ms. Carole Russel
35,Ted Robel
36,Karen Jast
37,Jeffery Stanton I
38,Jessie Ferry
39,Delia Sipes
40,Kathleen Stoltenberg
41,Frank Miller
42,Ana Graham
43,Boyd Williamson
44,Molly Tromp
45,Cody Corwin
46,Gregg Mraz
47,Diane Zieme
48,Clark Fay
49,Diane Dickinson
50,Dr. Cory Daugherty
51,Clayton Hauck
52,Norma Denesik DVM
53,Denise Becker
54,Mr. Inez Schroeder
55,Sadie Parker
56,Mr. Rose Hagenes
57,Colleen Gerhold
58,Alfredo Zemlak PhD
59,Megan Bosco
60,Shawn Wolff DDS
61,Byron Corkery
62,Alonzo Treutel
63,Saul Swaniawski
64,Charlotte Fahey
65,Mrs. Randall Heidenreich
66,Christy Steuber
67,Roger Turcotte
68,Lorraine Boyer
69,Fredrick Lynch
70,Veronica Bayer
71,Jennifer Witting
72,Elizabeth Rolfson
73,Brandon Lehner
74,Andre Hegmann
75,Marion Wintheiser
76,Alicia Sawayn
77,Lee Senger
78,Winifred Harber
79,David Leuschke
80,Erica Cremin
81,Mike Bahringer V
82,Winston Gutmann
83,Alonzo Gutmann
84,Ms. Carole Russel
85,Ted Robel
86,Karen Jast
87,Jeffery Stanton I
88,Jessie Ferry
89,Delia Sipes
90,Kathleen Stoltenberg
91,Frank Miller
92,Ana Graham
93,Boyd Williamson
94,Molly Tromp
95,Cody Corwin
96,Gregg Mraz
97,Diane Zieme
98,Clark Fay
99,Diane Dickinson
100,Dr. Cory Daugherty
